,mutation,r_enantiomeric_excess,ratio,experiment
1,A127V; R148P; S220T; H230Y,0.969120276,0.349753402,EPPCR3
2,A13G; S220T,0.97400161,0.601545338,EPPCR2
3,A156E,0.300531991,0.294731777,DMS
4,A156E; A218M; A296T,0.794889316,0.68574923,ML
5,A156G,0.30866463,0.438898879,EPPCR1
6,A156H,0.298560689,0.349599917,DMS
7,A156K,0.299714538,0.322490403,DMS
8,A156M,0.302719186,0.316257698,DMS
9,A156N,0.291363397,0.429266107,DMS
10,A156N; A159G; A296I,0.492141779,0.54641418,ML
11,A156N; A159S,0.495909062,0.362203924,ML
12,A156N; A159S; A296I,0.472970281,0.656914076,ML
13,A156N; A159S; L189M,-0.567100838,0.052088341,ML
14,A156N; A159S; T188G,-0.167253185,0.265993653,ML
15,A156N; A159S; T188S,0.201566562,0.354735541,ML
16,A156N; A159T,0.44647827,0.349167317,ML
17,A156N; A159T; A296I,0.484043679,0.604549505,ML
18,A156N; A159T; L189M,-0.591367763,0.185156336,ML
19,A156N; A159T; N238Y,0.454023285,0.255496034,ML
20,A156N; A159T; S160C,0.348233488,0.079626183,ML
21,A156N; A159T; T188G,-0.257027427,0.22858604,ML
22,A156N; A159T; Y177W,0.770501431,0.408591646,ML
23,A156N; A218M; A296T,0.798753915,0.688784226,ML
24,A156N; A296I,0.49553243,0.634785843,ML
25,A156N; L189M; A218L,-0.931946408,0.787792316,SGM
26,A156N; T188G,-0.116933952,0.05395825,ML
27,A156N; T188G; A296I,-0.477173679,0.694430668,ML
28,A156N; T188G; L189M,-0.73113725,0.135538326,ML
29,A156N; Y177W; A296I,0.791370073,0.709831844,ML
30,A156N; Y177W; T188G,0.332182069,0.159277405,ML
31,A156N; Y177W; W216R,0.55185913,0.393221267,SGM
32,A156Q,0.293928873,0.23316159,DMS
33,A156S,0.306186291,0.371146637,DMS
34,A156T,0.453609567,0.353701737,DMS
35,A156T; A259T,0.414168245,0.708005825,SGM
36,A156T; F217Y; A259T,-0.512125183,0.559649811,SGM
37,A156T; S160D; W216R,0.157428848,0.376660703,SGM
38,A156T; V175K; A259T,-0.972033391,0.8206333,SGM
39,A156T; V175K; Y177W,0.795996746,0.784597102,SGM
40,A156T; W216R; A218L,-0.558927325,0.439573572,SGM
41,A156T; W216R; A218M,-0.229084352,0.718938957,SGM
42,A156T; W216R; A259T,0.322068265,0.70265964,SGM
43,A156T; Y177W; A259T,0.683829817,0.793636763,SGM
44,A156T; Y177W; W216R,0.591300192,0.312732419,SGM
45,A156V,0.334716928,0.202490673,DMS
46,A159D; T179S; S267T; Q283L,0.642318128,0.052711125,EPPCR1
47,A159E,0.268686078,0.428409462,DMS
48,A159G,0.279635598,0.237098402,DMS
49,A159M,0.261015741,0.358098638,DMS
50,A159N,0.245882584,0.260399952,DMS
51,A159Q,0.268256813,0.346664409,DMS
52,A159S,0.274373801,0.322641908,DMS
53,A159S; A218M; A296T,0.80015979,0.702990599,ML
54,A159S; T172P,0.500440239,0.063285708,EPPCR1
55,A159T,0.279484127,0.369982511,DMS
56,A169S; S220T,0.973647164,0.73985736,EPPCR2
57,A169T; S220T,0.967862767,0.772378888,EPPCR2
58,A187S,0.342047497,0.330894277,DMS
59,A187S; S220T,0.979356698,0.796808023,EPPCR2
60,A202V; S220T; H230Y,0.983657424,0.827918529,EPPCR3
61,A210S,0.519813874,0.340264687,EPPCR1
62,A210Y,-0.967358268,0.321558376,DMS
63,A218I,-0.677468461,0.43227353,DMS
64,A218L,-0.733252203,0.549031171,DMS
65,A218L; A228V,-0.905194604,0.80095514,SGM
66,A218L; A228V; N289S,-0.918685792,0.742821544,SGM
67,A218L; T242A,-0.563371025,0.729866842,SGM
68,A218M,0.765227067,0.470313155,DMS
69,A218M; A259T; A303K,0.787271606,0.832784954,ML
70,A218M; A296T; A303I,0.798741158,0.687097608,ML
71,A218M; A296T; A303N,0.798911679,0.656562044,ML
72,A218M; A296T; S304C,0.79477822,0.701318904,ML
73,A218M; A296T; S304G,0.789303388,0.705964253,ML
74,A218M; A303K; S304I,0.77608123,0.664414994,ML
75,A218M; A303P; S304I,0.769479927,0.565770044,ML
76,A218M; A303P; S304L,0.77286805,0.630540125,ML
77,A218M; P302K; A303K,0.774080083,0.731767786,ML
78,A218M; P302K; S304I,0.782042312,0.653067576,ML
79,A218M; P302K; S304L,0.783817084,0.623925238,ML
80,A218M; P302R; A303T,0.783922683,0.661498938,ML
81,A218M; P302R; S304G,0.781372501,0.585288414,ML
82,A218M; P302R; S304K,0.780843946,0.659391692,ML
83,A218M; P302R; S304L,0.777148056,0.600169621,ML
84,A218M; P302R; S304P,0.780792425,0.628569348,ML
85,A228V,-0.241925864,0.092582481,EPPCR1
86,A259T,0.404741578,0.517069317,DMS
87,A296I,0.341319192,0.731655079,DMS
88,A296T,0.455136878,0.23868941,DMS
89,A303C,0.368903616,0.126934923,DMS
90,A303G,0.345710712,0.202422858,DMS
91,A303I,0.368887169,0.173724314,DMS
92,A303K,0.337636796,0.279429702,DMS
93,A303M,0.374648874,0.131448843,DMS
94,A303N,0.346537727,0.187124097,DMS
95,A303P,0.343638706,0.279139285,DMS
96,A303Q,0.35183339,0.203998122,DMS
97,A303R,0.335444814,0.227382778,DMS
98,A303T,0.347032211,0.187311327,DMS
99,A33E; E84D,0.600490753,0.067209421,EPPCR1
100,A33K,0.311987532,0.44404526,DMS
101,A33V; S220T; H230Y,0.98409111,0.549390289,EPPCR3
102,A53S,0.423333236,0.106431141,EPPCR1
103,A53S; A149E; A218L,-0.476831291,0.761130558,SGM
104,A53S; A156T; A259T,0.389029605,0.715475596,SGM
105,A53S; A218L,-0.811918596,0.790601228,SGM
106,A53S; A218L; T242A,-0.433891092,0.779688748,SGM
107,A53S; A80T; Y177W,0.659163427,0.628701089,SGM
108,A53S; E91V; A156T,0.319174806,0.30107126,SGM
109,A53S; E91V; S160D,0.32170746,0.54078358,SGM
110,A53S; L189M; A218L,-0.941635435,0.790277356,SGM
111,A53S; L58H; R155H,0.41672886,0.067065823,EPPCR1
112,A53S; M129L; A259T,0.750786466,0.714833536,SGM
113,A53S; S160D; A218L,-0.949577542,0.842488298,SGM
114,A53S; S160D; Y177W,0.728443515,0.72776855,SGM
115,A53S; V175K; Y177W,0.709690226,0.789813038,SGM
116,A53S; W216R; A218L,-0.558760642,0.544659454,SGM
117,A53S; Y177W; A228V,-0.326299394,0.237113729,SGM
118,A5V; L25R; L31M; S220T; A296S,0.978614582,0.718263951,EPPCR2
119,A60P; R247S,0.52272874,0.0934038,EPPCR1
120,A80T,0.523406645,0.13237143,DMS
121,A80T; A156T; Y177W,0.651415951,0.652168098,SGM
122,A80T; M129L; A259T,0.769442081,0.748921858,SGM
123,A80T; M129L; V175K,0.742968856,0.715638668,SGM
124,A80T; V175K; A259T,0.424739813,0.835128275,SGM
125,A80T; V175K; Y177W,0.775479508,0.804504293,SGM
126,A8G,0.107417168,0.330227158,DMS
127,A8T,0.476756814,0.089899154,EPPCR1
128,A8T; A33S; N78K; R155C,0.321189025,0.072276691,EPPCR1
129,A8V; E29A,0.643174298,0.055712161,EPPCR1
130,A8V; R148P; S220T; H230Y,0.979343233,0.644541427,EPPCR3
131,D118M,0.290479418,0.315810428,DMS
132,D118M; A156N; A159S,0.323575818,0.315912632,ML
133,D118M; A156N; A159T,0.420475752,0.160538754,ML
134,D118M; A218M; A296T,0.790555139,0.691585361,ML
135,D139E; R148P; S220T; H230Y,0.991716388,0.780025276,EPPCR3
136,D163V; S220T,0.982602197,0.574524287,EPPCR2
137,D170E; S220T; H230Y,0.983767942,0.794621907,EPPCR3
138,D233E,0.494169336,0.085650337,EPPCR1
139,D95E; S220T,0.974051192,0.611730029,EPPCR2
140,E153R; E261Q,0.312926242,0.178203536,LowN
141,E208D; S220T,0.977680112,0.704403613,EPPCR2
142,E261Q; A303K; S304A,0.370850275,0.441400477,LowN
143,E261Q; K298Q,0.258223005,0.077204641,LowN
144,E261Q; S301K,0.177822959,0.108304617,LowN
145,E261Q; S304K,0.370706829,0.456666161,LowN
146,E261Q; V281I,0.247506536,0.471993815,LowN
147,E29G; N289S,0.428550709,0.072469972,EPPCR1
148,E29K; Y177F; I212T,-0.83816969,0.103440801,EPPCR1
149,E46D,0.443528064,0.409165939,EPPCR1
150,E46D; H230Y,0.788994977,0.125074424,EPPCR1
151,E84K; R148P; S220T; H230Y,0.978619092,0.615768004,EPPCR3
152,E91D; A156T; A259T,0.385569725,0.723620623,SGM
153,E91D; A187S; A259T,0.637456335,0.544465231,EPPCR1
154,E91D; M129L; A259T,0.790066127,0.719644452,SGM
155,E91D; V175K; A259T,0.411157288,0.791754278,SGM
156,E91V,0.3291892,0.135980654,EPPCR1
157,E91V; A156N; A159S,0.415348458,0.236788058,ML
158,E91V; A156N; A296I,0.529928474,0.505056514,ML
159,E91V; A156N; T188G,-0.287250528,0.147778526,ML
160,E91V; A156N; T188S,0.229521172,0.223002599,ML
161,E91V; S160D; A296I,0.483226223,0.672658129,ML
162,E91V; S160D; T188G,-0.218740067,0.36752966,ML
163,F142L; I212T,-0.752808849,0.060316543,EPPCR1
164,F217Y; T242A,-0.877246356,0.348062868,SGM
165,F217Y; T242A; N289S,-0.913614471,0.355902441,SGM
166,G87D; M129L; V276I,0.652863478,0.335833361,EPPCR1
167,H154I,0.273282583,0.357753177,DMS
168,H154N,0.283742913,0.30519128,DMS
169,H154N; S220T,0.965812039,0.748222322,EPPCR2
170,H154S,0.312958265,0.32598442,DMS
171,H154T,0.288079563,0.38062444,DMS
172,H154V,0.277036066,0.592798895,DMS
173,H4Y; S6C; A156N,0.451900212,0.258041227,ML
174,H4Y; S6T,0.278856575,0.303405799,DMS
175,H4Y; S6T; A156N; A159T,0.465269184,0.343690067,ML
176,H4Y; S6T; A156N; T188G,-0.156021085,0.271241836,ML
177,I212E,-0.928202777,0.396914768,DMS
178,I212K,-0.954327094,0.507367368,DMS
179,I212M,-0.565162534,0.330387692,DMS
180,I212N,-0.956176453,0.482730639,DMS
181,I212S,-0.943680847,0.340034862,DMS
182,I256V; E261Q,0.167304604,0.128847405,LowN
183,I62V; S220T,0.975189571,0.713966019,EPPCR2
184,K236S,0.26464921,0.237126974,DMS
185,L119F; E261Q,0.243546158,0.255658752,LowN
186,L134M; E254D,0.702886147,0.150213301,EPPCR1
187,L143I; E261Q,0.094436155,0.342222424,LowN
188,L158F,0.207089636,0.175922554,DMS
189,L189I; S220T,0.97076843,0.713194396,EPPCR2
190,L189M,-0.692198649,0.423295163,DMS
191,L189M; A218L,-0.892037181,0.766708642,SGM
192,L189M; N289S,-0.560362139,0.370596539,SGM
193,L246M; E261Q,0.113184728,0.119790348,LowN
194,L25H; E91V; S220T; S267T,0.996835291,0.539689097,EPPCR2
195,L25V; V221L,-0.299713736,0.111543826,EPPCR1
196,L32I,0.497836546,0.169845173,EPPCR1
197,L32I; S49R; A53S,0.372157445,0.364587274,SGM
198,M129L,0.68724845,0.26795806,DMS
199,M129L; A156E; A159G,0.669562635,0.57009203,SGM
200,M129L; A156Q; A296I,0.662702142,0.756660508,SGM
201,M129L; A156Q; S160D,0.706133832,0.638107576,SGM
202,M129L; A156S; Y177W,0.84790222,0.587690558,SGM
203,M129L; F217Y; N289S,-0.570831765,0.330657939,SGM
204,M129L; V175K,0.837027949,0.708847131,SGM
205,M129L; V175K; A259T,0.818395075,0.787398903,SGM
206,M129L; W216R,0.010332972,0.27533184,SGM
207,M184F,0.212567943,0.289386349,DMS
208,M185L; S220T,0.983401108,0.655371722,EPPCR2
209,M248F; E261Q,-0.514012454,0.010439604,LowN
210,M82L; S220T; H230Y,0.982695114,0.429246916,EPPCR3
211,N238H; E261Q,0.193761817,0.455104379,LowN
212,N238Y,0.242661475,0.365103353,EPPCR1
213,N251Q,0.438240457,0.311732488,DMS
214,N289S,0.300713935,0.091691383,EPPCR1
215,N77D; A180S; D233E; N249H; V250A; E254K; A259T,-0.57633244,0.139918602,EPPCR1
216,N78D; S220T,0.974211572,0.613143226,EPPCR2
217,N78K; R148P; S220T; H230Y,0.980036362,0.646717139,EPPCR3
218,N78T; S220T,0.975281691,0.728766466,EPPCR2
219,P138S; S220T,0.975786546,0.641103939,EPPCR2
220,P302C,0.407855609,0.126724092,DMS
221,P302H,0.388198632,0.146860349,DMS
222,P302K,0.387737049,0.260798319,DMS
223,P302L,0.37733785,0.25877439,EPPCR1
224,P302N,0.381284005,0.124418712,DMS
225,P302R,0.375100386,0.178452226,DMS
226,P302V,0.394618831,0.149972379,DMS
227,P37T; A303V,0.483659496,0.098667966,EPPCR1
228,P45H; S220T; H230Y,0.983246388,0.695734498,EPPCR3
229,P88S; S220T,0.977206925,0.601351169,EPPCR2
230,Q107K; R137H,0.454407638,0.108560702,EPPCR1
231,Q194H; S220T; R274C,0.980268474,0.449957908,EPPCR2
232,Q194L; S220T; H230Y,0.990326279,0.852582348,EPPCR3
233,R110H; S220T; H230Y,0.984442423,0.71529821,EPPCR3
234,R137H; S220T,0.981042066,0.713477663,EPPCR2
235,R137H; S220T; A259T; E261V; E268D,0.985611919,0.74677982,EPPCR2
236,R137S; D170E,0.193618475,0.215815725,EPPCR1
237,R148H; Q299K,0.446329539,0.068395804,EPPCR1
238,R148P; A149E; S220T; H230Y,0.978014989,0.748289163,EPPCR3
239,R148P; A156V; S220T; H230Y,0.98081523,0.534818877,EPPCR3
240,R148P; A218V; S220T; H230Y,0.769913585,0.815847941,EPPCR3
241,R148P; D152H; S220T; H230Y,0.978065935,0.704613498,EPPCR3
242,S304K,0.328894897,0.174446752,DMS
243,R148P; L198M; S220T; H230Y; V276I,0.981058804,0.719084213,EPPCR3
244,R148P; S220T; H230Y,0.979690245,0.670352105,FragLib
245,R148P; S220T; H230Y; E262D,0.984568206,0.393513755,EPPCR3
246,R148P; S220T; H230Y; G237C,0.975820243,0.564732644,EPPCR3
247,R148P; S220T; H230Y; K236E,0.970322324,0.649931251,EPPCR3
248,R148P; S220T; H230Y; L272M,0.978833433,0.669176007,EPPCR3
249,R148P; S220T; H230Y; V293I,0.97890796,0.688955936,EPPCR3
250,R155F,0.26892731,0.346752859,DMS
251,R155F; A156N; A159T,0.398251085,0.297064544,ML
252,R155F; A218M; A296T,0.790819622,0.735932581,ML
253,R155H,0.302157348,0.281975679,EPPCR1
254,R155K,0.365739633,0.302191459,DMS
255,R155L; S220T; G237S; D287E; A296T,0.980455963,0.718844641,EPPCR2
256,R155M,0.312911744,0.346333315,DMS
257,R90H; E208D,0.71605025,0.103518395,EPPCR1
258,R94H; R148P; S220T; H230Y,0.979945105,0.505082408,EPPCR3
259,R94H; S220T; H230Y; H271Q,0.982885807,0.782098642,EPPCR3
260,R94H; T121M,0.476130719,0.101654719,EPPCR1
261,R96S,0.614784288,0.066646982,EPPCR1
262,R96S; S220T; H230Y,0.986470696,0.738943333,EPPCR3
263,S114T; D170E,0.526708631,0.074412204,EPPCR1
264,S117H,0.286305735,0.321963235,DMS
265,S117H; A156N; A159T,0.453160699,0.384639818,ML
266,S117H; A156N; A296I,0.468259853,0.545539477,ML
267,S117H; A218M; A296T,0.807939275,0.736442047,ML
268,S160C,0.32055477,0.230861443,DMS
269,S160D,0.274943408,0.492392526,DMS
270,S160D; A296I,0.465111044,0.743010032,ML
271,S160D; L189M; A296I,-0.491113767,0.608327792,ML
272,S160D; T188G,-0.323868144,0.470630302,ML
273,S160D; T188G; A296I,-0.440187089,0.733858202,ML
274,S160D; T188G; L189M,-0.697024573,0.337967774,ML
275,S160D; T188S; A296I,-0.00622766,0.737568911,ML
276,S160D; W216R; A218L,-0.52491528,0.746411546,SGM
277,S160D; Y177W; A218L,-0.612987991,0.837659294,ML
278,S160D; Y177W; T188G,0.263224777,0.456128447,ML
279,S160E,0.292756289,0.315265668,DMS
280,S160N,0.285864822,0.265363655,DMS
281,S160Q,0.367586439,0.240332342,DMS
282,S160T; M185L; S220T,0.98183476,0.733006762,EPPCR2
283,S201T; E261Q,0.496477991,0.436972545,LowN
284,S205C; S220T; H230Y,0.985348729,0.800983342,EPPCR3
285,S205R; H230Y,0.827251789,0.140239266,EPPCR1
286,S205T; E261Q,0.319516962,0.412971757,LowN
287,S205T; S220T,0.975471184,0.667590251,EPPCR2
288,S220N,0.800786405,0.339104511,DMS
289,S220T,0.971070446,0.697401341,DMS
290,S220T; A303S,0.97078615,0.683195932,EPPCR2
291,S220T; D233N,0.975031796,0.690148896,EPPCR2
292,S220T; G286E,0.980236707,0.488404234,EPPCR2
293,S220T; H230Q,0.960657143,0.65228541,EPPCR2
294,S220T; H230Y,0.983661296,0.740998816,FragLib
295,S220T; H230Y; A280V,0.986018914,0.744930888,EPPCR3
296,S220T; H230Y; D287V,0.707255126,0.408976392,EPPCR3
297,S220T; K236I,0.980323567,0.575684696,EPPCR2
298,S220T; R258C,0.999854304,0.559467907,EPPCR2
299,S220T; S226F,0.867899865,0.510798196,EPPCR2
300,S220T; S226T,0.971071746,0.730842525,EPPCR2
301,S301T,0.401013704,0.211786375,DMS
302,S304C,0.378854042,0.219919832,DMS
303,S304D,0.35585907,0.158427442,DMS
304,S304F,0.374715891,0.121330159,DMS
305,S304G,0.353531074,0.160354861,DMS
306,S304I,0.354489854,0.170941365,DMS
307,S304L,0.364831162,0.159839308,DMS
308,S304M,0.377035013,0.136824706,DMS
309,S304P,0.353183308,0.171159893,DMS
310,S304T,0.352549428,0.195847143,DMS
311,S49G; R148P; A169E; S220T; H230Y,0.982042564,0.782415565,EPPCR3
312,S49I; R148P; S220T; H230Y,0.977454551,0.575735409,EPPCR3
313,S49R,0.525800896,0.10734549,EPPCR1
314,S49R; A53S,0.321088545,0.506870047,SGM
315,S49R; A53S; A156T,0.324930445,0.430702531,SGM
316,S49R; A53S; A80T,0.285789498,0.556887781,SGM
317,S49R; A53S; E91D,0.229357082,0.52831488,SGM
318,S49R; A53S; E91V,-0.160129588,0.312562535,SGM
319,S49R; M129L; V175K,0.846268222,0.689434646,SGM
320,S49R; S220T; Q283E,0.979685823,0.580089758,EPPCR2
321,S49R; V175K; A259T,0.485821481,0.830697936,SGM
322,S57T; V175K; Y177W,0.776531224,0.822858697,SGM
323,S6C,0.306818853,0.494505689,DMS
324,S6C; A156N,0.415609826,0.364499545,ML
325,S6C; A156N; A159G,0.336351746,0.249121995,ML
326,S6C; A156N; A159S,0.480194135,0.388384056,ML
327,S6C; A156N; A159T,0.427707078,0.373489944,ML
328,S6C; A156N; A296I,0.512935442,0.645767363,ML
329,S6C; A156N; L189M,-0.563938353,0.178510063,ML
330,S6C; A156N; T188G,-0.324751624,0.228906675,ML
331,S6C; A156N; T188S,0.300097906,0.357636788,ML
332,S6C; A156N; V175K,0.503633373,0.675448776,ML
333,S6C; A156N; Y177W,0.776654412,0.43990132,ML
334,S6C; D118M; A156N,0.437178943,0.133217708,ML
335,S6C; E91V; A156N,0.35391911,0.302657684,ML
336,S6C; S220T,0.976973304,0.69276617,EPPCR2
337,S6C; T7I; T44S; A156N,0.413720571,0.253627756,ML
338,S6C; V26K; A156N,0.431828719,0.508953372,ML
339,S6C; V26R; A156N,0.430428383,0.488228293,ML
340,S6M,0.283288528,0.235198797,DMS
341,S6N; S220T,0.969085604,0.759987254,EPPCR2
342,S6P,0.3214327,0.283108611,DMS
343,T10S; P138S,0.558235474,0.10047109,EPPCR1
344,T121A; S220T,0.968224243,0.666722956,EPPCR2
345,T157A; R274L,0.491764474,0.064384396,EPPCR1
346,T157M,0.350509587,0.234179922,DMS
347,T157V,0.309550235,0.213318817,DMS
348,T188G,-0.693763704,0.172826477,DMS
349,T188G; A218L,-0.36597175,0.485835372,SGM
350,T188G; A218L; A296I,-0.421688206,0.825630223,SGM
351,T188G; A218L; N289S,-0.461316437,0.540660125,SGM
352,T188G; A218M,0.186592328,0.58144274,SGM
353,T188G; A218M; A296I,0.127961432,0.740402079,SGM
354,T188S,-0.371241887,0.339969389,DMS
355,T188S; W216R; A218L,-0.502204915,0.3932852,SGM
356,T207S; S220T,0.967535726,0.65803003,EPPCR2
357,T9S,0.365190756,0.313132004,EPPCR1
358,T9S; A13T,0.490449434,0.073466817,EPPCR1
359,V113L; S220T; H230Y,0.983006195,0.706432164,EPPCR3
360,V141L; R148P; S220T; H230Y,0.932921443,0.566647766,EPPCR3
361,V150M; E261Q,-0.0351746,0.065275008,LowN
362,V175A; S220T; H230Y; V232D,0.986413619,0.854674968,EPPCR3
363,V175K,0.426472392,0.557258505,DMS
364,V175K; Y177W; A259T,0.771027674,0.825496881,SGM
365,V199I; E261Q,-0.056548415,0.242650062,LowN
366,V221I; E261Q,-0.306517607,0.674952837,LowN
367,V232G,0.508608201,0.335254295,DMS
368,V232I; E261Q,0.202099849,0.403972876,LowN
369,V250A,0.411204784,0.133074175,EPPCR1
370,V26K,0.25759836,0.555471826,DMS
371,T63A,-0.350873003,0.157992046,EPPCR1
372,T63G,-0.038505189,0.149788757,DMS
373,T63K,-0.090477922,0.145723247,DMS
374,T63S; S220T; H230Y; V281A,0.984394375,0.564996165,EPPCR3
375,T7I; S220T,0.965890395,0.765601038,EPPCR2
376,T7I; T44S,0.335380758,0.364860037,EPPCR1
377,T7I; T44S; A156N; A159S,0.378716486,0.299841061,ML
378,T7I; T44S; A156N; A159T,0.321125937,0.182750427,ML
379,T7N; S57T,0.51986186,0.137730232,EPPCR1
380,T7S,0.562934698,0.119729486,EPPCR1
381,T7S; E261Q,0.161055495,0.427064044,LowN
382,T81S; A92V; S220T; H230Y,0.982786797,0.809458463,EPPCR3
383,T9A; N289S,0.355694951,0.102167973,EPPCR1
384,T9A; S220T,0.972687957,0.69229714,EPPCR2
385,T9I; A169T; A303D,0.458509564,0.08376751,EPPCR1
386,T9R; E261Q,-0.030543085,0.460267656,LowN
387,V26K; A156N,0.428151304,0.360312,ML
388,V26K; A156N; A159S,0.413504503,0.488025524,ML
389,V26K; A156N; A159T,0.409734105,0.494634642,ML
390,V26K; A156N; A296I,0.445447906,0.659571323,ML
391,V26K; A156N; T188S,-0.12559631,0.506408394,ML
392,V26K; Y177W; A228V,-0.325054835,0.532503238,SGM
393,V26R,0.24421611,0.47681092,DMS
394,V26R; A156N; A159S,0.470021213,0.488471387,ML
395,V26R; A156N; A159T,0.388025916,0.462818689,ML
396,V26R; A156N; A296I,0.446566343,0.619822604,ML
397,V26R; A156N; T188S,-0.221010572,0.463745786,ML
398,V52A; D287Y; A296V,0.565443525,0.108487365,EPPCR1
399,V71I,0.360838886,0.268953477,DMS
400,V71I; A218M; A303P,0.767500066,0.577514904,ML
401,V71I; A218M; P302K,0.789816872,0.690945663,ML
402,V71L; D118N; V250L,0.369266154,0.188960487,EPPCR1
403,V71M; A156T; A259T,0.445688149,0.758456529,SGM
404,V71M; A156T; Y177W,0.653701449,0.629345724,SGM
405,V71M; V175K; A259T,0.529751843,0.809156334,SGM
406,V97A; S220T,0.974959722,0.681721138,EPPCR2
407,V97A; S220T; H230Y,0.984909032,0.81150111,EPPCR3
408,W216R; N289S,-0.004247481,0.468631166,SGM
409,W216R; T242A; N289S,-0.082073638,0.318644291,SGM
410,Y177F,0.086748687,0.094491415,EPPCR1
411,Y177W,0.605299463,0.433887017,DMS
412,Y177W; A187S; A218M,0.833073732,0.851757143,SGM
413,Y177W; A187S; A228V,-0.158720926,0.365124596,SGM
414,Y177W; A187S; A296I,0.710324751,0.823655049,SGM
415,Y177W; A218L; T242A,-0.691690771,0.785476245,SGM
416,Y177W; A218M,0.737672334,0.840423358,SGM
417,Y177W; A218M; A296I,0.677689362,0.849273017,SGM
418,Y177W; A218M; D233E,0.756275027,0.869317971,SGM
419,Y177W; A228V; A296I,-0.341972297,0.703178793,SGM
420,Y177W; A228V; N289S,-0.519286359,0.247297965,SGM
421,Y177W; A296I,0.622979084,0.77575055,SGM
422,Y177W; D233E; A296I,0.596480632,0.771483631,SGM
423,Y177W; N289S; A296I,0.025903898,0.776359211,SGM
424,Y177W; V250A; A296I,0.582581466,0.798899421,SGM
425,Y177W; W216R; A296I,0.565418429,0.749554659,SGM
426,Y177W; W216R; N289S,0.535446859,0.398745297,SGM
427,Y177W; W216R; T242A,0.583111912,0.198119662,SGM
